{"cameraMode":{"drawMode":0,"name":"Shaded","section":"Shading Mode"},"sceneLighting":true,"audioPlay":false,"sceneViewState":{"m_AlwaysRefresh":false,"showFog":true,"showSkybox":true,"showFlares":true,"showImageEffects":true,"showParticleSystems":true,"showVisualEffectGraphs":true,"m_FxEnabled":true},"in2DMode":false,"pivot":{"x":2.95707106590271,"y":1.7967429161071778,"z":16.371549606323243},"rotation":{"x":-0.004190209321677685,"y":0.013494842685759068,"z":0.000059509027778403834,"w":0.9999057054519653},"size":11.84265422821045,"orthographic":false}